,cvar95_mean,cvar95_std
delta,4.707571195276326,0.0
delta_vega,2.8449349800520674,0.0
blackbox,10.017874694655116,11.37966402082602
prototype,2.356792858098609,0.11136744939810839
