seed,delta,delta_vega,blackbox,prototype
7,4.707571195276326,2.8449349800520674,30.225832447052433,2.3826236373428626
13,4.707571195276326,2.8449349800520674,2.980269824786531,2.2567923317004337
23,4.707571195276326,2.8449349800520674,5.936767499679648,2.5187833020554296
42,4.707571195276326,2.8449349800520674,4.440066349813299,2.379389499475235
2025,4.707571195276326,2.8449349800520674,6.50643735194367,2.2463755199190834
