universe,comparison,dcvar95,ci_low,ci_high,p_bootstrap
qqq,full_minus_greeks_only,2.818786184560606,0.6959506392951752,4.112425242387951,0.004
slv,full_minus_greeks_only,-0.015456719163387422,-0.08826118759705594,0.042425586803732825,0.726
spx,full_minus_greeks_only,-4.208334362699727,-11.006557971539312,3.0688809528124645,0.317
spy,full_minus_greeks_only,0.24387453276578075,-0.13502718872353833,0.5346690583706253,0.195
