universe,config,hypo,action_scale,l2,K,cvar_weight,cvar_alpha,residual_l2,vol_floor,features,stress_power,ensemble,val_cvar,val_dv,val_excess,test_cvar,test_dv,test_excess,test_seed_std
spy,H3_K12,H3,1.5,0.001,12,1.0,0.95,0.0,,full,0.0,False,2.4515798041589965,3.6633713267991195,-1.211791522640123,3.7375158137992854,2.8449349042314798,0.8925809095678057,0.20538272214085893
qqq,H3_K12,H3,1.5,0.001,12,1.0,0.95,0.0,,full,0.0,False,3.376260853440422,3.045025529805969,0.33123532363445296,8.337593722882906,6.120349611883338,2.2172441109995678,2.233720823559028
slv,H3_K12,H3,1.5,0.001,12,1.0,0.95,0.0,,full,0.0,False,0.0974486761018397,0.006563300201661867,0.09088537590017784,0.1663908812823369,0.15494845435326088,0.011442426929076016,0.02544739223059958
spx,H3_K12,H3,1.5,0.001,12,1.0,0.95,0.0,,full,0.0,False,19.35359453468954,44.57158548167959,-25.21799094699005,22.191730029567584,28.96614434411867,-6.774414314551088,2.5494628914803865
