method,cvar,ci_low,ci_high
unhedged,13.21279899743978,12.087558691379767,14.195749179891243
delta,2.785437608507733,2.504160669187223,3.0337313523529295
delta_vega,2.0205929506414577,1.802909184822516,2.238404266600075
blackbox,1.7339996166705751,1.5464401389599949,1.9081179449607222
prototype,1.2979667532020625,1.212637941932186,1.381850171924138
