seed,model,mean_pnl,median_pnl,std_pnl,var_95,cvar_95,cvar_99,worst,max_drawdown,utility,turnover
7,surface_proto,0.028012652003116444,-0.02901486711358467,0.6791385089303996,0.9848394544418282,1.2979667532131562,1.759236122851377,2.241425588651471,54.19075861855637,-1.2699541012100397,174.6035770165597
7,protohedge_scalar_greeks,-0.13089842265266494,-0.16995033001859033,0.6029899024217155,1.08290989279504,1.3443615597239587,1.7526732109700627,2.4927367509428366,273.48957057848503,-1.4752599823766235,54.031088680703924
8,surface_proto,0.1389207414308241,0.1292851636995876,0.7582907044187788,1.0670969886450232,1.4175608197728635,1.9622327591353337,2.6713135879222056,31.519242624005717,-1.2786400783420393,217.96417265727825
8,protohedge_scalar_greeks,-0.13576651334369608,-0.1774420882254183,0.5820145971060081,1.0468261542973454,1.2628175464317226,1.5560880699795918,2.0951643165032467,284.0851587510472,-1.3985840597754187,60.528107873702
9,surface_proto,0.022391955377920884,-0.02168158219547145,0.6746985329525329,0.9902508083296485,1.3164778046371153,1.7784428863246164,2.164532953718623,53.46854197849367,-1.2940858492591945,181.3900816020383
9,protohedge_scalar_greeks,-0.12555716542663967,-0.15621957200570466,0.5736321604300005,1.041420883701601,1.2583833113929668,1.5208463720742547,2.149372245071757,267.8384203072236,-1.3839404768196064,52.63208803071283
